month,cluster_label,count
2024-01-01,9: сложности алгоритмов / typescript замыкание / react преимущества,104
2024-02-01,9: сложности алгоритмов / typescript замыкание / react преимущества,63
2024-03-01,9: сложности алгоритмов / typescript замыкание / react преимущества,93
2024-04-01,9: сложности алгоритмов / typescript замыкание / react преимущества,52
2024-05-01,9: сложности алгоритмов / typescript замыкание / react преимущества,198
2024-06-01,9: сложности алгоритмов / typescript замыкание / react преимущества,314
2024-07-01,9: сложности алгоритмов / typescript замыкание / react преимущества,504
2024-08-01,9: сложности алгоритмов / typescript замыкание / react преимущества,243
2024-09-01,9: сложности алгоритмов / typescript замыкание / react преимущества,400
2024-10-01,9: сложности алгоритмов / typescript замыкание / react преимущества,634
2024-11-01,9: сложности алгоритмов / typescript замыкание / react преимущества,606
2024-12-01,9: сложности алгоритмов / typescript замыкание / react преимущества,124
2025-01-01,9: сложности алгоритмов / typescript замыкание / react преимущества,251
2025-02-01,9: сложности алгоритмов / typescript замыкание / react преимущества,481
2025-03-01,9: сложности алгоритмов / typescript замыкание / react преимущества,414
2025-04-01,9: сложности алгоритмов / typescript замыкание / react преимущества,394
2025-05-01,9: сложности алгоритмов / typescript замыкание / react преимущества,367
2025-06-01,9: сложности алгоритмов / typescript замыкание / react преимущества,584
2025-07-01,9: сложности алгоритмов / typescript замыкание / react преимущества,686
